datetime,station,PM2.5,O3,WS,PM2.5_valid
2025-01-01 00:00:00,Zhongli,14.3,24.8,1.6,14.3
2025-01-01 01:00:00,Zhongli,13.3,25.9,3.6,13.3
2025-01-01 02:00:00,Zhongli,9.1,15.4,1.2,9.1
2025-01-01 03:00:00,Zhongli,14.0,18.9,1.0,14.0
2025-01-01 04:00:00,Zhongli,13.9,6.6,1.4,13.9
2025-01-01 05:00:00,Zhongli,24.4,13.6,1.6,24.4
2025-01-01 06:00:00,Zhongli,24.0,12.7,1.8,24.0
2025-01-01 07:00:00,Zhongli,32.7,18.9,1.6,32.7
2025-01-01 08:00:00,Zhongli,30.1,15.7,2.1,30.1
2025-01-01 09:00:00,Zhongli,34.9,22.0,0.7,34.9
2025-01-01 10:00:00,Zhongli,37.8,25.1,1.9,37.8
2025-01-01 11:00:00,Zhongli,34.5,28.3,0.9,34.5
2025-01-01 12:00:00,Zhongli,38.3,41.5,0.8,38.3
2025-01-01 13:00:00,Zhongli,35.4,40.7,1.3,35.4
2025-01-01 14:00:00,Zhongli,37.1,40.9,1.4,37.1
2025-01-01 15:00:00,Zhongli,45.8,47.1,1.1,45.8
2025-01-01 16:00:00,Zhongli,34.3,53.4,2.1,34.3
2025-01-01 17:00:00,Zhongli,25.0,44.2,1.1,25.0
2025-01-01 18:00:00,Zhongli,-9999.0,47.5,1.4,
2025-01-01 19:00:00,Zhongli,33.2,45.4,1.1,33.2
2025-01-01 20:00:00,Zhongli,8.3,49.4,1.8,8.3
2025-01-01 21:00:00,Zhongli,17.4,35.8,1.0,17.4
2025-01-01 22:00:00,Zhongli,17.1,46.1,1.3,17.1
2025-01-01 23:00:00,Zhongli,23.9,30.7,1.3,23.9
2025-01-02 00:00:00,Zhongli,19.3,24.8,1.6,19.3
2025-01-02 01:00:00,Zhongli,13.2,23.8,1.9,13.2
2025-01-02 02:00:00,Zhongli,6.3,14.6,2.3,6.3
2025-01-02 03:00:00,Zhongli,15.3,14.7,1.4,15.3
2025-01-02 04:00:00,Zhongli,19.3,16.8,3.0,19.3
2025-01-02 05:00:00,Zhongli,21.8,13.5,1.8,21.8
2025-01-02 06:00:00,Zhongli,18.5,17.5,0.5,18.5
2025-01-02 07:00:00,Zhongli,27.2,21.9,1.9,27.2
2025-01-02 08:00:00,Zhongli,31.0,21.8,1.6,31.0
2025-01-02 09:00:00,Zhongli,21.6,16.4,2.6,21.6
2025-01-02 10:00:00,Zhongli,27.3,25.8,1.0,27.3
2025-01-02 11:00:00,Zhongli,19.0,37.8,1.7,19.0
2025-01-02 12:00:00,Zhongli,27.6,34.1,2.4,27.6
2025-01-02 13:00:00,Zhongli,34.2,35.1,1.0,34.2
2025-01-02 14:00:00,Zhongli,34.9,45.7,2.0,34.9
2025-01-02 15:00:00,Zhongli,25.2,42.6,2.5,25.2
2025-01-02 16:00:00,Zhongli,32.4,53.7,1.3,32.4
2025-01-02 17:00:00,Zhongli,22.6,54.2,2.7,22.6
2025-01-02 18:00:00,Zhongli,25.6,45.6,1.6,25.6
2025-01-02 19:00:00,Zhongli,28.6,49.8,1.3,28.6
2025-01-02 20:00:00,Zhongli,22.5,48.3,2.8,22.5
2025-01-02 21:00:00,Zhongli,18.5,43.1,1.0,18.5
2025-01-02 22:00:00,Zhongli,25.5,34.7,2.2,25.5
2025-01-02 23:00:00,Zhongli,19.0,35.1,1.8,19.0
2025-01-03 00:00:00,Zhongli,22.1,32.0,1.0,22.1
2025-01-03 01:00:00,Zhongli,10.7,20.0,2.1,10.7
2025-01-03 02:00:00,Zhongli,14.4,19.2,2.2,14.4
2025-01-03 03:00:00,Zhongli,9.1,16.6,1.9,9.1
2025-01-03 04:00:00,Zhongli,25.9,18.4,1.1,25.9
2025-01-03 05:00:00,Zhongli,20.4,16.2,0.8,20.4
2025-01-03 06:00:00,Zhongli,23.3,17.4,1.6,23.3
2025-01-03 07:00:00,Zhongli,22.6,13.2,1.6,22.6
2025-01-03 08:00:00,Zhongli,21.7,23.6,0.7,21.7
2025-01-03 09:00:00,Zhongli,-2.0,23.4,1.7,
2025-01-03 10:00:00,Zhongli,22.9,30.4,1.8,22.9
2025-01-03 11:00:00,Zhongli,23.4,33.6,1.3,23.4
2025-01-03 12:00:00,Zhongli,39.8,34.5,1.2,39.8
2025-01-03 13:00:00,Zhongli,39.3,37.9,1.8,39.3
2025-01-03 14:00:00,Zhongli,28.6,47.9,2.0,28.6
2025-01-03 15:00:00,Zhongli,33.0,47.4,1.3,33.0
2025-01-03 16:00:00,Zhongli,31.6,46.4,1.9,31.6
2025-01-03 17:00:00,Zhongli,29.5,47.6,1.3,29.5
2025-01-03 18:00:00,Zhongli,23.8,44.6,1.1,23.8
2025-01-03 19:00:00,Zhongli,29.7,52.1,1.8,29.7
2025-01-03 20:00:00,Zhongli,20.0,43.7,1.2,20.0
2025-01-03 21:00:00,Zhongli,19.2,48.1,1.7,19.2
2025-01-03 22:00:00,Zhongli,15.2,36.6,0.8,15.2
2025-01-03 23:00:00,Zhongli,21.7,32.2,0.7,21.7
2025-01-04 00:00:00,Zhongli,16.3,23.0,1.0,16.3
2025-01-04 01:00:00,Zhongli,17.0,23.5,1.7,17.0
2025-01-04 02:00:00,Zhongli,12.0,13.7,0.9,12.0
2025-01-04 03:00:00,Zhongli,16.4,13.0,1.7,16.4
2025-01-04 04:00:00,Zhongli,17.1,15.8,3.5,17.1
2025-01-04 05:00:00,Zhongli,21.4,7.8,1.3,21.4
2025-01-04 06:00:00,Zhongli,23.6,16.4,1.3,23.6
2025-01-04 07:00:00,Zhongli,23.6,18.8,2.9,23.6
2025-01-04 08:00:00,Zhongli,20.7,14.8,1.9,20.7
2025-01-04 09:00:00,Zhongli,32.8,23.8,1.5,32.8
2025-01-04 10:00:00,Zhongli,40.3,20.6,0.9,40.3
2025-01-04 11:00:00,Zhongli,27.8,40.3,3.4,27.8
2025-01-04 12:00:00,Zhongli,32.9,32.1,1.4,32.9
2025-01-04 13:00:00,Zhongli,32.7,46.4,1.0,32.7
2025-01-04 14:00:00,Zhongli,,46.0,1.0,
2025-01-04 15:00:00,Zhongli,27.3,46.0,2.3,27.3
2025-01-04 16:00:00,Zhongli,34.0,50.7,1.7,34.0
2025-01-04 17:00:00,Zhongli,28.8,53.8,2.4,28.8
2025-01-04 18:00:00,Zhongli,33.0,47.3,2.5,33.0
2025-01-04 19:00:00,Zhongli,23.0,50.1,1.9,23.0
2025-01-04 20:00:00,Zhongli,34.2,39.0,2.9,34.2
2025-01-04 21:00:00,Zhongli,9.2,44.6,1.5,9.2
2025-01-04 22:00:00,Zhongli,17.9,43.8,1.8,17.9
2025-01-04 23:00:00,Zhongli,18.0,29.8,1.3,18.0
2025-01-05 00:00:00,Zhongli,9.0,26.4,2.2,9.0
2025-01-05 01:00:00,Zhongli,5.3,22.5,1.7,5.3
2025-01-05 02:00:00,Zhongli,23.6,18.1,1.7,23.6
2025-01-05 03:00:00,Zhongli,23.8,21.7,1.0,23.8
2025-01-05 04:00:00,Zhongli,21.9,9.7,1.5,21.9
2025-01-05 05:00:00,Zhongli,29.2,13.0,2.3,29.2
2025-01-05 06:00:00,Zhongli,27.4,14.3,1.5,27.4
2025-01-05 07:00:00,Zhongli,19.2,12.6,1.7,19.2
2025-01-05 08:00:00,Zhongli,13.6,16.3,1.4,13.6
2025-01-05 09:00:00,Zhongli,23.8,22.0,1.0,23.8
2025-01-05 10:00:00,Zhongli,37.0,26.7,0.3,37.0
2025-01-05 11:00:00,Zhongli,28.6,26.6,1.6,28.6
2025-01-05 12:00:00,Zhongli,36.7,38.6,1.4,36.7
2025-01-05 13:00:00,Zhongli,35.6,-9999.0,1.6,35.6
2025-01-05 14:00:00,Zhongli,34.2,41.0,1.3,34.2
2025-01-05 15:00:00,Zhongli,29.2,44.5,1.5,29.2
2025-01-05 16:00:00,Zhongli,24.3,47.7,1.8,24.3
2025-01-05 17:00:00,Zhongli,24.1,53.2,3.4,24.1
2025-01-05 18:00:00,Zhongli,36.4,47.2,2.1,36.4
2025-01-05 19:00:00,Zhongli,23.5,43.1,1.6,23.5
2025-01-05 20:00:00,Zhongli,25.1,44.6,1.9,25.1
2025-01-05 21:00:00,Zhongli,7.2,43.2,2.2,7.2
2025-01-05 22:00:00,Zhongli,21.0,42.6,1.0,21.0
2025-01-05 23:00:00,Zhongli,19.9,38.1,0.5,19.9
2025-01-06 00:00:00,Zhongli,12.9,26.5,2.5,12.9
2025-01-06 01:00:00,Zhongli,16.9,31.6,0.9,16.9
2025-01-06 02:00:00,Zhongli,7.4,23.2,1.2,7.4
2025-01-06 03:00:00,Zhongli,16.9,11.6,2.4,16.9
2025-01-06 04:00:00,Zhongli,25.2,16.3,1.8,25.2
2025-01-06 05:00:00,Zhongli,20.7,11.6,2.3,20.7
2025-01-06 06:00:00,Zhongli,19.8,25.0,1.6,19.8
2025-01-06 07:00:00,Zhongli,26.8,15.0,1.4,26.8
2025-01-06 08:00:00,Zhongli,27.6,17.3,1.7,27.6
2025-01-06 09:00:00,Zhongli,27.8,22.3,1.9,27.8
2025-01-06 10:00:00,Zhongli,27.8,24.5,1.6,27.8
2025-01-06 11:00:00,Zhongli,22.3,29.2,1.9,22.3
2025-01-06 12:00:00,Zhongli,34.3,30.2,1.2,34.3
2025-01-06 13:00:00,Zhongli,185.0,43.7,1.5,185.0
2025-01-06 14:00:00,Zhongli,39.2,44.9,1.8,39.2
2025-01-06 15:00:00,Zhongli,33.5,46.6,0.9,33.5
2025-01-06 16:00:00,Zhongli,27.4,46.4,1.8,27.4
2025-01-06 17:00:00,Zhongli,33.0,51.6,1.8,33.0
2025-01-06 18:00:00,Zhongli,32.1,55.4,2.0,32.1
2025-01-06 19:00:00,Zhongli,18.3,41.8,1.0,18.3
2025-01-06 20:00:00,Zhongli,20.7,46.7,1.8,20.7
2025-01-06 21:00:00,Zhongli,24.1,40.7,2.1,24.1
2025-01-06 22:00:00,Zhongli,19.1,34.9,2.6,19.1
2025-01-06 23:00:00,Zhongli,19.3,40.8,0.8,19.3
2025-01-07 00:00:00,Zhongli,20.7,27.4,0.5,20.7
2025-01-07 01:00:00,Zhongli,20.2,18.3,0.8,20.2
2025-01-07 02:00:00,Zhongli,12.2,19.9,0.9,12.2
2025-01-07 03:00:00,Zhongli,15.7,13.1,1.5,15.7
2025-01-07 04:00:00,Zhongli,25.1,13.0,1.5,25.1
2025-01-07 05:00:00,Zhongli,23.4,7.2,1.4,23.4
2025-01-07 06:00:00,Zhongli,35.2,13.8,0.6,35.2
2025-01-07 07:00:00,Zhongli,30.9,15.1,1.9,30.9
2025-01-07 08:00:00,Zhongli,29.5,19.5,1.1,29.5
2025-01-07 09:00:00,Zhongli,31.3,26.8,1.9,31.3
2025-01-07 10:00:00,Zhongli,23.1,25.8,1.0,23.1
2025-01-07 11:00:00,Zhongli,26.6,37.6,2.7,26.6
2025-01-07 12:00:00,Zhongli,33.0,25.8,0.4,33.0
2025-01-07 13:00:00,Zhongli,31.6,44.4,1.4,31.6
2025-01-07 14:00:00,Zhongli,29.6,44.1,1.4,29.6
2025-01-07 15:00:00,Zhongli,37.5,42.8,0.8,37.5
2025-01-07 16:00:00,Zhongli,29.2,45.0,1.1,29.2
2025-01-07 17:00:00,Zhongli,28.8,56.9,2.4,28.8
2025-01-07 18:00:00,Zhongli,33.2,44.7,0.7,33.2
2025-01-07 19:00:00,Zhongli,22.8,50.1,2.7,22.8
2025-01-07 20:00:00,Zhongli,15.5,42.8,2.3,15.5
2025-01-07 21:00:00,Zhongli,23.3,39.9,1.7,23.3
2025-01-07 22:00:00,Zhongli,25.0,31.7,1.3,25.0
2025-01-07 23:00:00,Zhongli,14.7,28.0,1.9,14.7
